layer,cv_accuracy
5,0.9400000000000001
10,0.9400000000000001
15,0.9800000000000001
18,0.97
20,0.99
22,0.99
25,0.99
30,0.99
35,0.9800000000000001
40,0.97
