{
  "CAUSAL_LAYERS": [
    20,
    22
  ],
  "ALPHAS": [
    -3,
    -2,
    -1,
    -0.5,
    0.5,
    1,
    2,
    3
  ],
  "steer_direction_norms": {
    "20": 110.43484497070312,
    "22": 107.58735656738281
  }
}