{
  "IT_baseline_map": {
    "S1": -2.354166666666666,
    "S2": -1.3958333333333333,
    "S3": -3.4999999999999996,
    "S4": -1.0104166666666667,
    "S5": 1.5416666666666667,
    "S6": 2.96875,
    "S7": -1.1249999999999996,
    "S8": -2.5729166666666665
  },
  "Base_baseline_map": {
    "S1": 2.21875,
    "S2": 1.927083333333333,
    "S3": 2.0937499999999996,
    "S4": 1.8437500000000002,
    "S5": 1.9687500000000002,
    "S6": 1.7395833333333333,
    "S7": 2.03125,
    "S8": 1.6354166666666667
  },
  "IT_probe_accs": {
    "5": 0.9400000000000001,
    "10": 0.9400000000000001,
    "15": 0.9800000000000001,
    "18": 0.97,
    "20": 0.99,
    "22": 0.99,
    "25": 0.99,
    "30": 0.99,
    "35": 0.9800000000000001,
    "40": 0.97
  },
  "Base_probe_accs": {
    "5": 0.85,
    "10": 0.8400000000000001,
    "15": 0.68,
    "18": 0.7,
    "20": 0.6699999999999999,
    "22": 0.63,
    "25": 0.67,
    "30": 0.7699999999999999,
    "35": 0.75,
    "40": 0.72
  },
  "CAUSAL_LAYERS": [
    20,
    22
  ],
  "SWEEP_LAYERS": [
    5,
    10,
    15,
    18,
    20,
    22,
    25,
    30,
    35,
    40
  ]
}